resource_path,hierarchy,button_name,active_self,active_in_serialized_hierarchy,center_x,center_y,rect_x,rect_y,rect_width,rect_height,reference_center_x,reference_center_y
prefabs/ui/exchange/difficultyselectionitem,difficultyselectionitem,difficultyselectionitem,True,True,0,1440,0.0,1440.0,0.0,0.0,0.0,1080.0
prefabs/ui/exchange/exchangeitem2023,ExchangeItem2023/Difficulty/Button,Button,True,True,1261,1069,1094.6666666666667,1042.6666666666665,333.33333333333326,53.333333333333485,946.0,802.0
prefabs/ui/exchange/exchangeitem2024,ExchangeItem2024/Difficulty/Button,Button,True,True,1261,1069,1094.6666666666667,1042.6666666666665,333.33333333333326,53.333333333333485,946.0,802.0
prefabs/ui/exchange/exchangeitem2025,ExchangeItem2025/Difficulty/Button,Button,True,True,1261,1069,1094.6666666666667,1042.6666666666665,333.33333333333326,53.333333333333485,946.0,802.0
prefabs/ui/gmcodeitem,GMCodeItem/shootmissile/Button,Button,True,True,991,596,924.6666666666667,572.6666666666667,133.33333333333326,46.66666666666663,743.5,447.0
prefabs/ui/herosupplyitem2021,HeroSupplyItem2021/LeftArea/bar,bar,True,True,656,620,652.4000166257223,536.400004863739,7.199999809265137,167.9999955495199,492.0000123977661,465.3000019788742
prefabs/ui/herosupplyitem2021,HeroSupplyItem2021/LeftArea/btn_10,btn_10,True,True,900,770,683.0000158150991,728.9999997615814,433.199988524119,82.79999780654907,674.700007557869,577.799998998642
prefabs/ui/herosupplyitem2021,HeroSupplyItem2021/LeftArea/btn_20,btn_20,True,True,900,890,683.0000158150991,848.999996582667,433.199988524119,82.79999780654907,674.700007557869,667.7999966144562
prefabs/ui/herosupplyitem2021,HeroSupplyItem2021/LeftArea/btn_5,btn_5,True,True,902,650,685.4000157515209,609.0000029404958,433.1999885241189,82.79999780654907,676.5000075101852,487.80000138282776
prefabs/ui/herosupplyitem2021,HeroSupplyItem2021/Middle/Popup/NO,NO,True,False,1342,819,1289.791999557495,801.2399941857657,104.73599576059996,35.999999046325684,1006.6199980783463,614.4299952816964
prefabs/ui/herosupplyitem2021,HeroSupplyItem2021/Middle/Popup/OK,OK,True,False,1203,819,1150.5920078226725,801.2399941857657,104.73599576059974,35.999999046325684,902.2200042772292,614.4299952816964
prefabs/ui/herosupplyitem2021,HeroSupplyItem2021/RightArea/bar,bar,True,True,1906,620,1902.7999835014343,536.400004863739,7.199999809265137,167.9999955495199,1429.7999875545502,465.3000019788742
prefabs/ui/herosupplyitem2021,HeroSupplyItem2021/RightArea/btn_100,btn_100,True,True,1658,890,1441.3999957243602,848.999996582667,433.1999885241189,82.79999780654907,1243.4999924898148,667.7999966144562
prefabs/ui/herosupplyitem2021,HeroSupplyItem2021/RightArea/btn_30,btn_30,True,True,1658,650,1441.3999957243602,609.0000029404958,433.1999885241189,82.79999780654907,1243.4999924898148,487.80000138282776
prefabs/ui/herosupplyitem2021,HeroSupplyItem2021/RightArea/btn_50,btn_50,True,True,1658,770,1441.3999957243602,728.9999997615814,433.1999885241189,82.79999780654907,1243.4999924898148,577.799998998642
prefabs/ui/herosupplyitem2024,HeroSupplyItem2024/Confirm,Confirm,True,True,1280,912,1131.2000039418538,888.2399918810527,297.59999211629247,47.99999872843432,960.0,684.1799934339524
prefabs/ui/herosupplyitem2024,HeroSupplyItem2024/Popup/NO,NO,True,False,1359,768,1295.5999995867412,743.9999993642172,127.49999662240339,47.99999872843421,1019.5124984234571,575.9999990463257
prefabs/ui/herosupplyitem2024,HeroSupplyItem2024/Popup/OK,OK,True,False,1206,768,1142.0000036557515,743.9999993642172,127.49999662240361,47.99999872843421,904.312501475215,575.9999990463257
prefabs/ui/herosupplyitem2024,HeroSupplyItem2024/SupplyButton/Add_1,Add_1,True,True,1390,781,1351.9999980926514,742.7999993960062,76.79999796549487,76.79999796549487,1042.799997806549,585.8999987840652
prefabs/ui/herosupplyitem2024,HeroSupplyItem2024/SupplyButton/Add_10,Add_10,True,True,1621,781,1582.3999919891357,742.7999993960062,76.79999796549464,76.79999796549487,1215.5999932289124,585.8999987840652
prefabs/ui/herosupplyitem2024,HeroSupplyItem2024/SupplyButton/Add_2,Add_2,True,True,1467,781,1428.7999960581462,742.7999993960062,76.79999796549464,76.79999796549487,1100.3999962806702,585.8999987840652
prefabs/ui/herosupplyitem2024,HeroSupplyItem2024/SupplyButton/Add_5,Add_5,True,True,1544,781,1505.5999940236409,742.7999993960062,76.79999796549487,76.79999796549487,1157.9999947547913,585.8999987840652
prefabs/ui/herosupplyitem2024,HeroSupplyItem2024/SupplyButton/Minus_1,Minus_1,True,True,1170,781,1131.2000039418538,742.7999993960062,76.79999796549487,76.79999796549487,877.2000021934509,585.8999987840652
prefabs/ui/herosupplyitem2024,HeroSupplyItem2024/SupplyButton/Minus_10,Minus_10,True,True,939,781,900.8000100453695,742.7999993960062,76.79999796549475,76.79999796549487,704.4000067710876,585.8999987840652
prefabs/ui/herosupplyitem2024,HeroSupplyItem2024/SupplyButton/Minus_2,Minus_2,True,True,1093,781,1054.4000059763591,742.7999993960062,76.79999796549464,76.79999796549487,819.6000037193298,585.8999987840652
prefabs/ui/herosupplyitem2024,HeroSupplyItem2024/SupplyButton/Minus_5,Minus_5,True,True,1016,781,977.6000080108643,742.7999993960062,76.79999796549487,76.79999796549487,762.0000052452087,585.8999987840652
prefabs/ui/map/mappanel,MapPanel/GuardCtrl/CtrlPanel/AttackStatus,AttackStatus,True,True,2085,899,1962.6666666666665,857.3333333333333,245.33333333333348,82.66666666666674,1564.0,674.0
prefabs/ui/map/mappanel,MapPanel/GuardCtrl/CtrlPanel/BuyBullets100,BuyBullets100,True,True,2331,651,2208.0,609.3333333333334,245.33333333333303,82.66666666666663,1748.0,488.0
prefabs/ui/map/mappanel,MapPanel/GuardCtrl/CtrlPanel/BuyBullets200,BuyBullets200,True,True,2331,733,2208.0,692.0,245.33333333333303,82.66666666666663,1748.0,550.0
prefabs/ui/map/mappanel,MapPanel/GuardCtrl/CtrlPanel/BuyBullets50,BuyBullets50,True,True,2331,568,2208.0,526.6666666666667,245.33333333333303,82.66666666666663,1748.0,426.0
prefabs/ui/map/mappanel,MapPanel/GuardCtrl/CtrlPanel/BuyRevive,BuyRevive,True,True,2085,651,1962.6666666666665,609.3333333333334,245.33333333333348,82.66666666666663,1564.0,488.0
prefabs/ui/map/mappanel,MapPanel/GuardCtrl/CtrlPanel/DefenceStatus,DefenceStatus,True,True,2085,981,1962.6666666666665,940.0,245.33333333333348,82.66666666666663,1564.0,736.0
prefabs/ui/map/mappanel,MapPanel/GuardCtrl/CtrlPanel/FreeRevive,FreeRevive,True,True,2085,733,1962.6666666666665,692.0,245.33333333333348,82.66666666666663,1564.0,550.0
prefabs/ui/map/mappanel,MapPanel/GuardCtrl/CtrlPanel/MovingStatus,MovingStatus,True,True,2331,899,2208.0,857.3333333333333,245.33333333333303,82.66666666666674,1748.0,674.0
prefabs/ui/map/mappanel,MapPanel/GuardCtrl/CtrlPanel/RemoteBuyBullets,RemoteBuyBullets,True,True,2085,816,1962.6666666666665,774.6666666666666,245.33333333333348,82.66666666666663,1564.0,612.0
prefabs/ui/map/mappanel,MapPanel/GuardCtrl/CtrlPanel/RemoteBuyHP,RemoteBuyHP,True,True,2331,816,2208.0,774.6666666666666,245.33333333333303,82.66666666666663,1748.0,612.0
prefabs/ui/map/mappanel,MapPanel/GuardCtrl/CtrlPanel/SendMapMark,SendMapMark,True,True,2085,568,1962.6666666666665,526.6666666666667,245.33333333333348,82.66666666666663,1564.0,426.0
prefabs/ui/map/mappanel,MapPanel/GuardCtrl/CtrlPanel/SupplyBullet,SupplyBullet,False,False,2331,816,2208.0,774.6666666666666,245.33333333333303,82.66666666666663,1748.0,612.0
prefabs/ui/map/mappanel,MapPanel/GuardCtrl/SecondConfirmation/Cancel,Cancel,True,False,2312,796,2232.0,769.3333333333334,160.0,53.33333333333326,1734.0,597.0
prefabs/ui/map/mappanel,MapPanel/GuardCtrl/SecondConfirmation/Confirm,Confirm,True,False,2115,796,2034.6666666666665,769.3333333333334,160.0,53.33333333333326,1586.0,597.0
prefabs/ui/map/mappanel,MapPanel/Mark/Button,Button,True,True,1280,777,640.0,433.33333333333337,1280.0,687.9999999999999,960.0,583.0
prefabs/ui/masks/revivingmask,RevivingMask/ReviveInteractive/BuyRevive,BuyRevive,True,True,1140,731,1016.6666666666667,700.6666666666666,246.66666666666652,60.0,855.0,548.0
prefabs/ui/masks/revivingmask,RevivingMask/ReviveInteractive/FreeRevive,FreeRevive,True,True,1420,731,1296.6666666666667,700.6666666666666,246.66666666666652,60.0,1065.0,548.0
prefabs/ui/masks/softneedupdate,SoftNeedUpdate/Confirm,Confirm,True,True,0,134,-106.66666666666652,113.86664835611987,213.33333333333326,40.0,0.0,100.39998626708984
prefabs/ui/quitpanel,QuitPanel/Cancel,Cancel,True,True,1476,794,1356.0000030199687,754.4000013669332,240.00000953674294,80.00000317891431,1107.0000058412552,595.8000022172928
prefabs/ui/quitpanel,QuitPanel/Confirm,Confirm,True,True,1099,794,979.199988047282,754.4000013669332,240.00000953674316,80.00000317891431,824.3999946117401,595.8000022172928
prefabs/ui/setmodulepanel/displaysetting,DisplaySetting/DisplaySettingValue,DisplaySettingValue,True,True,1547,849,1546.6666666666665,849.3333333333333,0.0,0.0,1160.0,637.0
prefabs/ui/setmodulepanel/displaysetting,DisplaySetting/DisplaySettingValueOpt/FullScreen,FullScreen,True,False,1455,873,1367.066670735677,845.8666585286459,176.0,53.33333333333326,1091.3000030517578,654.3999938964844
prefabs/ui/setmodulepanel/displaysetting,DisplaySetting/DisplaySettingValueOpt/Windows,Windows,True,False,1455,926,1367.066670735677,899.1999918619791,176.0,53.33333333333337,1091.3000030517578,694.3999938964844
prefabs/ui/setmodulepanel/setmodulepanel,SetModulePanel/SettingPanel/CustomSettingWidget/BtnOpen,BtnOpen,True,True,1319,926,1230.2669902637936,890.6069145657626,177.33876625696826,70.66883166631067,989.2022800442082,694.4559977991885
prefabs/ui/setmodulepanel/setmodulepanel,SetModulePanel/SettingPanel/LoginWidget/BtnLogin,BtnLogin,True,True,795,705,706.0000162120002,669.5333251953125,177.33333333333326,70.66666666666663,596.0000121590001,528.6499938964844
prefabs/ui/setmodulepanel/setmodulepanel,SetModulePanel/SettingPanel/SetGunTypeWidget/BigGunButton,BigGunButton,True,True,815,840,733.7733519867397,804.9266255696615,161.78666178385424,70.81333414713538,611.0000121590001,630.2499694824219
prefabs/ui/setmodulepanel/setmodulepanel,SetModulePanel/SettingPanel/SetGunTypeWidget/SmallGunButton,SmallGunButton,True,True,632,840,551.2373043390205,804.925479787973,161.79161840741767,70.81550364019972,474.099835157047,630.2499237060547
prefabs/ui/setmodulepanel/setmodulepanel,SetModulePanel/SettingPanel/SightWidght/SightClose,SightClose,True,True,880,926,805.6709836963528,890.7988676468842,148.89789250525314,70.80216704998145,660.0899474617345,694.6499633789062
prefabs/ui/setmodulepanel/setmodulepanel,SetModulePanel/SettingPanel/SightWidght/SightOpen,SightOpen,True,True,732,926,673.3981282865032,890.7988676468842,117.87027975724413,70.80216704998145,549.2499511238439,694.6499633789062
prefabs/ui/setmodulepanel/setmodulepanel,SetModulePanel/SettingPanel/VideoCaptureWidget/BtnOpenCapture,BtnOpenCapture,True,True,1935,585,1846.0018748437699,549.8681353016461,177.33876625696826,70.66883166631055,1451.0034434791905,438.90191335110103
prefabs/ui/setmodulepanel/settingpanel,SettingPanel/Login/LoginBtn,LoginBtn,True,True,463,667,270.66666666666674,640.2666829427084,384.0,53.33333333333326,347.0,500.20001220703125
prefabs/ui/setmodulepanel/settingpanel,SettingPanel/Login/TC/TCTipInfo,TCTipInfo,True,False,343,798,334.933329264323,790.2666829427084,16.0,16.0,257.1999969482422,598.7000122070312
prefabs/ui/setmodulepanel/settingpanel,SettingPanel/QuickReset,QuickReset,True,True,805,432,728.0,405.33333333333337,154.66666666666674,53.333333333333314,604.0,324.0
prefabs/ui/setmodulepanel/settingpanel,SettingPanel/TCSetting/TcChannelModeTip,TcChannelModeTip,False,False,863,920,854.6666666666667,912.0,16.0,16.0,647.0,690.0
prefabs/ui/setmodulepanel/settingpanel,SettingPanel/TCSetting/TcDecodeTypeSet,TcDecodeTypeSet,False,False,1128,911,1074.8000065485637,884.5333251953125,106.66666825612378,53.33333412806189,846.1000055074692,683.3999941945076
prefabs/ui/setmodulepanel/settingpanel,SettingPanel/TCSetting/TcDecodeTypeSetItem/Adaptive,Adaptive,True,False,1146,910,1058.0001220703125,883.2000020345051,176.0,53.33333333333337,859.5000915527344,682.4000015258789
prefabs/ui/setmodulepanel/settingpanel,SettingPanel/TCSetting/TcDecodeTypeSetItem/Soft,Soft,True,False,1146,963,1058.0001220703125,936.5333353678385,176.0,53.33333333333337,859.5000915527344,722.4000015258789
prefabs/ui/setmodulepanel/settingpanel,SettingPanel/TCSetting/TcDirectionSet,TcDirectionSet,True,True,1128,852,1074.8000065485637,825.3333333333334,106.66666825612378,53.33333412806189,846.1000055074692,639.0000002980232
prefabs/ui/setmodulepanel/settingpanel,SettingPanel/TCSetting/TcDirectionSetItem/Forward,Forward,True,False,1146,853,1058.0001220703125,826.1333414713541,176.0,53.33333333333337,859.5000915527344,639.6000061035156
prefabs/ui/setmodulepanel/settingpanel,SettingPanel/TCSetting/TcDirectionSetItem/Reverse,Reverse,True,False,1146,906,1058.0001220703125,879.4666748046875,176.0,53.33333333333326,859.5000915527344,679.6000061035156
prefabs/ui/setmodulepanel/settingpanel,SettingPanel/UI/Clear,Clear,True,True,2216,597,2138.6666666666665,570.6666666666667,154.66666666666652,53.33333333333326,1662.0,448.0
prefabs/ui/setmodulepanel/settingpanel,SettingPanel/UI/Control,Control,True,True,2308,784,2308.0,784.0,0.0,0.0,1731.0,588.0
prefabs/ui/setmodulepanel/settingpanel,SettingPanel/UI/ControlSetting/AutoExchange,AutoExchange,True,False,2208,1008,2120.0,981.3333333333333,176.0,53.33333333333326,1656.0,756.0
prefabs/ui/setmodulepanel/settingpanel,SettingPanel/UI/ControlSetting/AutoExchange/InfoTip,InfoTip,True,False,2276,1008,2268.0,1000.0,16.0,16.0,1707.0,756.0
prefabs/ui/setmodulepanel/settingpanel,SettingPanel/UI/ControlSetting/Automatic,Automatic,True,False,2208,848,2120.0,821.3333333333334,176.0,53.33333333333326,1656.0,636.0
prefabs/ui/setmodulepanel/settingpanel,SettingPanel/UI/ControlSetting/Automatic/InfoTip,InfoTip,True,False,2276,848,2268.0,840.0,16.0,16.0,1707.0,636.0
prefabs/ui/setmodulepanel/settingpanel,SettingPanel/UI/ControlSetting/Manual,Manual,True,False,2208,955,2120.0,928.0,176.0,53.33333333333326,1656.0,716.0
prefabs/ui/setmodulepanel/settingpanel,SettingPanel/UI/ControlSetting/Manual/InfoTip,InfoTip,True,False,2276,955,2268.0,946.6666666666666,16.0,16.0,1707.0,716.0
prefabs/ui/setmodulepanel/settingpanel,SettingPanel/UI/ControlSetting/SemiAutomatic,SemiAutomatic,True,False,2208,901,2120.0,874.6666666666666,176.0,53.33333333333337,1656.0,676.0
prefabs/ui/setmodulepanel/settingpanel,SettingPanel/UI/ControlSetting/SemiAutomatic/InfoTip,InfoTip,True,False,2276,901,2268.0,893.3333333333333,16.0,16.0,1707.0,676.0
prefabs/ui/setmodulepanel/settingpanel,SettingPanel/UI/Cross,Cross,True,True,2236,667,2182.6666650772095,640.0,106.66666825612356,53.33333412806189,1676.9999994039536,500.0000002980232
prefabs/ui/setmodulepanel/settingpanel,SettingPanel/UI/CrossSetting/Hid,Hid,True,False,2208,760,2120.0,733.3333333333334,176.0,53.33333333333326,1656.0,570.0
prefabs/ui/setmodulepanel/settingpanel,SettingPanel/UI/CrossSetting/Show,Show,True,False,2208,707,2120.0,680.0,176.0,53.33333333333337,1656.0,530.0
prefabs/ui/setmodulepanel/settingpanel,SettingPanel/UI/Hid,Hid,True,True,2029,597,1952.0,570.6666666666667,154.66666666666652,53.33333333333326,1522.0,448.0
prefabs/ui/setmodulepanel/settingpanel,SettingPanel/UI/mapSet,mapSet,True,True,2236,736,2182.6666650772095,709.333332935969,106.66666825612356,53.333334128062006,1676.9999994039536,552.0
prefabs/ui/setmodulepanel/settingpanel,SettingPanel/UI/mapSetting/MapHid,MapHid,True,False,2208,829,2120.0,802.6666666666666,176.0,53.33333333333337,1656.0,622.0
prefabs/ui/setmodulepanel/settingpanel,SettingPanel/UI/mapSetting/MapShow,MapShow,True,False,2208,776,2120.0,749.3333333333334,176.0,53.33333333333326,1656.0,582.0
prefabs/ui/setmodulepanel/settingpanel,SettingPanel/tip/PerformanceTipInfo,PerformanceTipInfo,True,True,882,526,873.7333374023438,517.8666585286459,16.0,16.0,661.3000030517578,394.3999938964844
prefabs/ui/setmodulepanel/settingpanel,SettingPanel/tip/VSyncTip,VSyncTip,True,True,1407,887,1398.6666666666667,879.3333333333333,16.0,16.0,1055.0,665.5
prefabs/ui/setmodulepanel/settingpanelrmul1v1,SettingPanelRMUL1V1/Login/LoginBtn,LoginBtn,True,True,463,667,270.66666666666674,640.2666829427084,384.0,53.33333333333326,347.0,500.20001220703125
prefabs/ui/setmodulepanel/settingpanelrmul1v1,SettingPanelRMUL1V1/Login/TC/TCTipInfo,TCTipInfo,True,False,343,798,334.933329264323,790.2666829427084,16.0,16.0,257.1999969482422,598.7000122070312
prefabs/ui/setmodulepanel/settingpanelrmul1v1,SettingPanelRMUL1V1/QuickReset,QuickReset,True,True,805,432,728.0,405.33333333333337,154.66666666666674,53.333333333333314,604.0,324.0
prefabs/ui/setmodulepanel/settingpanelrmul1v1,SettingPanelRMUL1V1/TCSetting/TcChannelModeTip,TcChannelModeTip,False,False,863,920,854.6666666666667,912.0,16.0,16.0,647.0,690.0
prefabs/ui/setmodulepanel/settingpanelrmul1v1,SettingPanelRMUL1V1/TCSetting/TcDecodeTypeSet,TcDecodeTypeSet,False,False,1128,911,1074.8000065485637,884.5333251953125,106.66666825612378,53.33333412806189,846.1000055074692,683.3999941945076
prefabs/ui/setmodulepanel/settingpanelrmul1v1,SettingPanelRMUL1V1/TCSetting/TcDecodeTypeSetItem/Adaptive,Adaptive,True,False,1146,910,1058.0001220703125,883.2000020345051,176.0,53.33333333333337,859.5000915527344,682.4000015258789
prefabs/ui/setmodulepanel/settingpanelrmul1v1,SettingPanelRMUL1V1/TCSetting/TcDecodeTypeSetItem/Soft,Soft,True,False,1146,963,1058.0001220703125,936.5333353678385,176.0,53.33333333333337,859.5000915527344,722.4000015258789
prefabs/ui/setmodulepanel/settingpanelrmul1v1,SettingPanelRMUL1V1/TCSetting/TcDirectionSet,TcDirectionSet,True,True,1128,852,1074.8000065485637,825.3333333333334,106.66666825612378,53.33333412806189,846.1000055074692,639.0000002980232
prefabs/ui/setmodulepanel/settingpanelrmul1v1,SettingPanelRMUL1V1/TCSetting/TcDirectionSetItem/Forward,Forward,True,False,1146,853,1058.0001220703125,826.1333414713541,176.0,53.33333333333337,859.5000915527344,639.6000061035156
prefabs/ui/setmodulepanel/settingpanelrmul1v1,SettingPanelRMUL1V1/TCSetting/TcDirectionSetItem/Reverse,Reverse,True,False,1146,906,1058.0001220703125,879.4666748046875,176.0,53.33333333333326,859.5000915527344,679.6000061035156
prefabs/ui/setmodulepanel/settingpanelrmul1v1,SettingPanelRMUL1V1/UI/Clear,Clear,True,True,2216,597,2138.6666666666665,570.6666666666667,154.66666666666652,53.33333333333326,1662.0,448.0
prefabs/ui/setmodulepanel/settingpanelrmul1v1,SettingPanelRMUL1V1/UI/Control,Control,False,False,2235,805,2162.9333311716714,784.0,145.0666688283286,42.66666730244958,1676.5999991893768,604.0000002384186
prefabs/ui/setmodulepanel/settingpanelrmul1v1,SettingPanelRMUL1V1/UI/ControlSetting/AutoExchange,AutoExchange,True,False,2208,1008,2120.0,981.3333333333333,176.0,53.33333333333326,1656.0,756.0
prefabs/ui/setmodulepanel/settingpanelrmul1v1,SettingPanelRMUL1V1/UI/ControlSetting/AutoExchange/InfoTip,InfoTip,True,False,2276,1008,2268.0,1000.0,16.0,16.0,1707.0,756.0
prefabs/ui/setmodulepanel/settingpanelrmul1v1,SettingPanelRMUL1V1/UI/ControlSetting/Automatic,Automatic,True,False,2208,848,2120.0,821.3333333333334,176.0,53.33333333333326,1656.0,636.0
prefabs/ui/setmodulepanel/settingpanelrmul1v1,SettingPanelRMUL1V1/UI/ControlSetting/Automatic/InfoTip,InfoTip,True,False,2276,848,2268.0,840.0,16.0,16.0,1707.0,636.0
prefabs/ui/setmodulepanel/settingpanelrmul1v1,SettingPanelRMUL1V1/UI/ControlSetting/Manual,Manual,True,False,2208,955,2120.0,928.0,176.0,53.33333333333326,1656.0,716.0
prefabs/ui/setmodulepanel/settingpanelrmul1v1,SettingPanelRMUL1V1/UI/ControlSetting/Manual/InfoTip,InfoTip,True,False,2276,955,2268.0,946.6666666666666,16.0,16.0,1707.0,716.0
prefabs/ui/setmodulepanel/settingpanelrmul1v1,SettingPanelRMUL1V1/UI/ControlSetting/SemiAutomatic,SemiAutomatic,True,False,2208,901,2120.0,874.6666666666666,176.0,53.33333333333337,1656.0,676.0
prefabs/ui/setmodulepanel/settingpanelrmul1v1,SettingPanelRMUL1V1/UI/ControlSetting/SemiAutomatic/InfoTip,InfoTip,True,False,2276,901,2268.0,893.3333333333333,16.0,16.0,1707.0,676.0
prefabs/ui/setmodulepanel/settingpanelrmul1v1,SettingPanelRMUL1V1/UI/Cross,Cross,True,True,2236,667,2182.6666650772095,640.0,106.66666825612356,53.33333412806189,1676.9999994039536,500.0000002980232
prefabs/ui/setmodulepanel/settingpanelrmul1v1,SettingPanelRMUL1V1/UI/CrossSetting/Hid,Hid,True,False,2208,760,2120.0,733.3333333333334,176.0,53.33333333333326,1656.0,570.0
prefabs/ui/setmodulepanel/settingpanelrmul1v1,SettingPanelRMUL1V1/UI/CrossSetting/Show,Show,True,False,2208,707,2120.0,680.0,176.0,53.33333333333337,1656.0,530.0
prefabs/ui/setmodulepanel/settingpanelrmul1v1,SettingPanelRMUL1V1/UI/Hid,Hid,True,True,2029,597,1952.0,570.6666666666667,154.66666666666652,53.33333333333326,1522.0,448.0
prefabs/ui/setmodulepanel/settingpanelrmul1v1,SettingPanelRMUL1V1/UI/mapSet,mapSet,False,False,2236,736,2182.6666650772095,709.333332935969,106.66666825612356,53.333334128062006,1676.9999994039536,552.0
prefabs/ui/setmodulepanel/settingpanelrmul1v1,SettingPanelRMUL1V1/UI/mapSetting/MapHid,MapHid,True,False,2208,829,2120.0,802.6666666666666,176.0,53.33333333333337,1656.0,622.0
prefabs/ui/setmodulepanel/settingpanelrmul1v1,SettingPanelRMUL1V1/UI/mapSetting/MapShow,MapShow,True,False,2208,776,2120.0,749.3333333333334,176.0,53.33333333333326,1656.0,582.0
prefabs/ui/setmodulepanel/settingpanelrmul1v1,SettingPanelRMUL1V1/tip/PerformanceTipInfo,PerformanceTipInfo,True,True,882,526,873.7333374023438,517.8666585286459,16.0,16.0,661.3000030517578,394.3999938964844
prefabs/ui/setmodulepanel/settingpanelrmul1v1,SettingPanelRMUL1V1/tip/VSyncTip,VSyncTip,True,True,1407,887,1398.6666666666667,879.3333333333333,16.0,16.0,1055.0,665.5
prefabs/ui/setmodulepanel/settingpanelrmul1v1sapper,SettingPanelRMUL1V1SAPPER/Login/LoginBtn,LoginBtn,True,True,463,667,270.66666666666674,640.2666829427084,384.0,53.33333333333326,347.0,500.20001220703125
prefabs/ui/setmodulepanel/settingpanelrmul1v1sapper,SettingPanelRMUL1V1SAPPER/Login/TC/TCTipInfo,TCTipInfo,True,False,343,798,334.933329264323,790.2666829427084,16.0,16.0,257.1999969482422,598.7000122070312
prefabs/ui/setmodulepanel/settingpanelrmul1v1sapper,SettingPanelRMUL1V1SAPPER/QuickReset,QuickReset,True,True,805,432,728.0,405.33333333333337,154.66666666666674,53.333333333333314,604.0,324.0
prefabs/ui/setmodulepanel/settingpanelrmul1v1sapper,SettingPanelRMUL1V1SAPPER/TCSetting/TcChannelModeTip,TcChannelModeTip,False,False,863,920,854.6666666666667,912.0,16.0,16.0,647.0,690.0
prefabs/ui/setmodulepanel/settingpanelrmul1v1sapper,SettingPanelRMUL1V1SAPPER/TCSetting/TcDecodeTypeSet,TcDecodeTypeSet,False,False,1128,911,1074.8000065485637,884.5333251953125,106.66666825612378,53.33333412806189,846.1000055074692,683.3999941945076
prefabs/ui/setmodulepanel/settingpanelrmul1v1sapper,SettingPanelRMUL1V1SAPPER/TCSetting/TcDecodeTypeSetItem/Adaptive,Adaptive,True,False,1146,910,1058.0001220703125,883.2000020345051,176.0,53.33333333333337,859.5000915527344,682.4000015258789
prefabs/ui/setmodulepanel/settingpanelrmul1v1sapper,SettingPanelRMUL1V1SAPPER/TCSetting/TcDecodeTypeSetItem/Soft,Soft,True,False,1146,963,1058.0001220703125,936.5333353678385,176.0,53.33333333333337,859.5000915527344,722.4000015258789
prefabs/ui/setmodulepanel/settingpanelrmul1v1sapper,SettingPanelRMUL1V1SAPPER/TCSetting/TcDirectionSet,TcDirectionSet,True,True,1128,852,1074.8000065485637,825.3333333333334,106.66666825612378,53.33333412806189,846.1000055074692,639.0000002980232
prefabs/ui/setmodulepanel/settingpanelrmul1v1sapper,SettingPanelRMUL1V1SAPPER/TCSetting/TcDirectionSetItem/Forward,Forward,True,False,1146,853,1058.0001220703125,826.1333414713541,176.0,53.33333333333337,859.5000915527344,639.6000061035156
prefabs/ui/setmodulepanel/settingpanelrmul1v1sapper,SettingPanelRMUL1V1SAPPER/TCSetting/TcDirectionSetItem/Reverse,Reverse,True,False,1146,906,1058.0001220703125,879.4666748046875,176.0,53.33333333333326,859.5000915527344,679.6000061035156
prefabs/ui/setmodulepanel/settingpanelrmul1v1sapper,SettingPanelRMUL1V1SAPPER/UI/Clear,Clear,True,True,2216,597,2138.6666666666665,570.6666666666667,154.66666666666652,53.33333333333326,1662.0,448.0
prefabs/ui/setmodulepanel/settingpanelrmul1v1sapper,SettingPanelRMUL1V1SAPPER/UI/Control,Control,False,False,2235,805,2162.9333311716714,784.0,145.0666688283286,42.66666730244958,1676.5999991893768,604.0000002384186
prefabs/ui/setmodulepanel/settingpanelrmul1v1sapper,SettingPanelRMUL1V1SAPPER/UI/ControlSetting/AutoExchange,AutoExchange,True,False,2208,1008,2120.0,981.3333333333333,176.0,53.33333333333326,1656.0,756.0
prefabs/ui/setmodulepanel/settingpanelrmul1v1sapper,SettingPanelRMUL1V1SAPPER/UI/ControlSetting/AutoExchange/InfoTip,InfoTip,True,False,2276,1008,2268.0,1000.0,16.0,16.0,1707.0,756.0
prefabs/ui/setmodulepanel/settingpanelrmul1v1sapper,SettingPanelRMUL1V1SAPPER/UI/ControlSetting/Automatic,Automatic,True,False,2208,848,2120.0,821.3333333333334,176.0,53.33333333333326,1656.0,636.0
prefabs/ui/setmodulepanel/settingpanelrmul1v1sapper,SettingPanelRMUL1V1SAPPER/UI/ControlSetting/Automatic/InfoTip,InfoTip,True,False,2276,848,2268.0,840.0,16.0,16.0,1707.0,636.0
prefabs/ui/setmodulepanel/settingpanelrmul1v1sapper,SettingPanelRMUL1V1SAPPER/UI/ControlSetting/Manual,Manual,True,False,2208,955,2120.0,928.0,176.0,53.33333333333326,1656.0,716.0
prefabs/ui/setmodulepanel/settingpanelrmul1v1sapper,SettingPanelRMUL1V1SAPPER/UI/ControlSetting/Manual/InfoTip,InfoTip,True,False,2276,955,2268.0,946.6666666666666,16.0,16.0,1707.0,716.0
prefabs/ui/setmodulepanel/settingpanelrmul1v1sapper,SettingPanelRMUL1V1SAPPER/UI/ControlSetting/SemiAutomatic,SemiAutomatic,True,False,2208,901,2120.0,874.6666666666666,176.0,53.33333333333337,1656.0,676.0
prefabs/ui/setmodulepanel/settingpanelrmul1v1sapper,SettingPanelRMUL1V1SAPPER/UI/ControlSetting/SemiAutomatic/InfoTip,InfoTip,True,False,2276,901,2268.0,893.3333333333333,16.0,16.0,1707.0,676.0
prefabs/ui/setmodulepanel/settingpanelrmul1v1sapper,SettingPanelRMUL1V1SAPPER/UI/Cross,Cross,True,True,2236,667,2182.6666650772095,640.0,106.66666825612356,53.33333412806189,1676.9999994039536,500.0000002980232
prefabs/ui/setmodulepanel/settingpanelrmul1v1sapper,SettingPanelRMUL1V1SAPPER/UI/CrossSetting/Hid,Hid,True,False,2208,760,2120.0,733.3333333333334,176.0,53.33333333333326,1656.0,570.0
prefabs/ui/setmodulepanel/settingpanelrmul1v1sapper,SettingPanelRMUL1V1SAPPER/UI/CrossSetting/Show,Show,True,False,2208,707,2120.0,680.0,176.0,53.33333333333337,1656.0,530.0
prefabs/ui/setmodulepanel/settingpanelrmul1v1sapper,SettingPanelRMUL1V1SAPPER/UI/Hid,Hid,True,True,2029,597,1952.0,570.6666666666667,154.66666666666652,53.33333333333326,1522.0,448.0
prefabs/ui/setmodulepanel/settingpanelrmul1v1sapper,SettingPanelRMUL1V1SAPPER/UI/mapSet,mapSet,False,False,2236,736,2182.6666650772095,709.333332935969,106.66666825612356,53.333334128062006,1676.9999994039536,552.0
prefabs/ui/setmodulepanel/settingpanelrmul1v1sapper,SettingPanelRMUL1V1SAPPER/UI/mapSetting/MapHid,MapHid,True,False,2208,829,2120.0,802.6666666666666,176.0,53.33333333333337,1656.0,622.0
prefabs/ui/setmodulepanel/settingpanelrmul1v1sapper,SettingPanelRMUL1V1SAPPER/UI/mapSetting/MapShow,MapShow,True,False,2208,776,2120.0,749.3333333333334,176.0,53.33333333333326,1656.0,582.0
prefabs/ui/setmodulepanel/settingpanelrmul1v1sapper,SettingPanelRMUL1V1SAPPER/tip/PerformanceTipInfo,PerformanceTipInfo,True,True,882,526,873.7333374023438,517.8666585286459,16.0,16.0,661.3000030517578,394.3999938964844
prefabs/ui/setmodulepanel/settingpanelrmul1v1sapper,SettingPanelRMUL1V1SAPPER/tip/VSyncTip,VSyncTip,True,True,1407,887,1398.6666666666667,879.3333333333333,16.0,16.0,1055.0,665.5
prefabs/ui/setmodulepanel/settingpanelrmul1v1sapperstudent,SettingPanelRMUL1V1SAPPERStudent/Login/LoginBtn,LoginBtn,True,True,463,667,270.66666666666674,640.2666829427084,384.0,53.33333333333326,347.0,500.20001220703125
prefabs/ui/setmodulepanel/settingpanelrmul1v1sapperstudent,SettingPanelRMUL1V1SAPPERStudent/Login/TC/TCTipInfo,TCTipInfo,True,False,343,798,334.933329264323,790.2666829427084,16.0,16.0,257.1999969482422,598.7000122070312
prefabs/ui/setmodulepanel/settingpanelrmul1v1sapperstudent,SettingPanelRMUL1V1SAPPERStudent/QuickReset,QuickReset,True,True,805,432,728.0,405.33333333333337,154.66666666666674,53.333333333333314,604.0,324.0
prefabs/ui/setmodulepanel/settingpanelrmul1v1sapperstudent,SettingPanelRMUL1V1SAPPERStudent/TCSetting/TcChannelModeTip,TcChannelModeTip,True,True,863,936,854.6666666666667,928.1333414713541,16.0,16.0,647.0,702.1000061035156
prefabs/ui/setmodulepanel/settingpanelrmul1v1sapperstudent,SettingPanelRMUL1V1SAPPERStudent/TCSetting/TcDecodeTypeSet,TcDecodeTypeSet,True,True,1128,886,1074.8000065485637,859.1999918619791,106.66666825612378,53.33333412806189,846.1000055074692,664.3999941945076
prefabs/ui/setmodulepanel/settingpanelrmul1v1sapperstudent,SettingPanelRMUL1V1SAPPERStudent/TCSetting/TcDecodeTypeSetItem/Adaptive,Adaptive,True,False,1146,885,1058.0001220703125,857.8666687011719,176.0,53.33333333333326,859.5000915527344,663.4000015258789
prefabs/ui/setmodulepanel/settingpanelrmul1v1sapperstudent,SettingPanelRMUL1V1SAPPERStudent/TCSetting/TcDecodeTypeSetItem/Soft,Soft,True,False,1146,938,1058.0001220703125,911.2000020345051,176.0,53.33333333333337,859.5000915527344,703.4000015258789
prefabs/ui/setmodulepanel/settingpanelrmul1v1sapperstudent,SettingPanelRMUL1V1SAPPERStudent/TCSetting/TcDirectionSet,TcDirectionSet,True,True,1128,827,1074.8000065485637,800.0,106.66666825612378,53.33333412806189,846.1000055074692,620.0000002980232
prefabs/ui/setmodulepanel/settingpanelrmul1v1sapperstudent,SettingPanelRMUL1V1SAPPERStudent/TCSetting/TcDirectionSetItem/Forward,Forward,True,False,1146,827,1058.0001220703125,800.8000081380209,176.0,53.33333333333326,859.5000915527344,620.6000061035156
prefabs/ui/setmodulepanel/settingpanelrmul1v1sapperstudent,SettingPanelRMUL1V1SAPPERStudent/TCSetting/TcDirectionSetItem/Reverse,Reverse,True,False,1146,881,1058.0001220703125,854.1333414713541,176.0,53.33333333333337,859.5000915527344,660.6000061035156
prefabs/ui/setmodulepanel/settingpanelrmul1v1sapperstudent,SettingPanelRMUL1V1SAPPERStudent/UI/Clear,Clear,True,True,2216,597,2138.6666666666665,570.6666666666667,154.66666666666652,53.33333333333326,1662.0,448.0
prefabs/ui/setmodulepanel/settingpanelrmul1v1sapperstudent,SettingPanelRMUL1V1SAPPERStudent/UI/Control,Control,False,False,2235,805,2162.9333311716714,784.0,145.0666688283286,42.66666730244958,1676.5999991893768,604.0000002384186
prefabs/ui/setmodulepanel/settingpanelrmul1v1sapperstudent,SettingPanelRMUL1V1SAPPERStudent/UI/ControlSetting/AutoExchange,AutoExchange,True,False,2208,1008,2120.0,981.3333333333333,176.0,53.33333333333326,1656.0,756.0
prefabs/ui/setmodulepanel/settingpanelrmul1v1sapperstudent,SettingPanelRMUL1V1SAPPERStudent/UI/ControlSetting/AutoExchange/InfoTip,InfoTip,True,False,2276,1008,2268.0,1000.0,16.0,16.0,1707.0,756.0
prefabs/ui/setmodulepanel/settingpanelrmul1v1sapperstudent,SettingPanelRMUL1V1SAPPERStudent/UI/ControlSetting/Automatic,Automatic,True,False,2208,848,2120.0,821.3333333333334,176.0,53.33333333333326,1656.0,636.0
prefabs/ui/setmodulepanel/settingpanelrmul1v1sapperstudent,SettingPanelRMUL1V1SAPPERStudent/UI/ControlSetting/Automatic/InfoTip,InfoTip,True,False,2276,848,2268.0,840.0,16.0,16.0,1707.0,636.0
prefabs/ui/setmodulepanel/settingpanelrmul1v1sapperstudent,SettingPanelRMUL1V1SAPPERStudent/UI/ControlSetting/Manual,Manual,True,False,2208,955,2120.0,928.0,176.0,53.33333333333326,1656.0,716.0
prefabs/ui/setmodulepanel/settingpanelrmul1v1sapperstudent,SettingPanelRMUL1V1SAPPERStudent/UI/ControlSetting/Manual/InfoTip,InfoTip,True,False,2276,955,2268.0,946.6666666666666,16.0,16.0,1707.0,716.0
prefabs/ui/setmodulepanel/settingpanelrmul1v1sapperstudent,SettingPanelRMUL1V1SAPPERStudent/UI/ControlSetting/SemiAutomatic,SemiAutomatic,True,False,2208,901,2120.0,874.6666666666666,176.0,53.33333333333337,1656.0,676.0
prefabs/ui/setmodulepanel/settingpanelrmul1v1sapperstudent,SettingPanelRMUL1V1SAPPERStudent/UI/ControlSetting/SemiAutomatic/InfoTip,InfoTip,True,False,2276,901,2268.0,893.3333333333333,16.0,16.0,1707.0,676.0
prefabs/ui/setmodulepanel/settingpanelrmul1v1sapperstudent,SettingPanelRMUL1V1SAPPERStudent/UI/Cross,Cross,True,True,2236,667,2182.6666650772095,640.0,106.66666825612356,53.33333412806189,1676.9999994039536,500.0000002980232
prefabs/ui/setmodulepanel/settingpanelrmul1v1sapperstudent,SettingPanelRMUL1V1SAPPERStudent/UI/CrossSetting/Hid,Hid,True,False,2208,760,2120.0,733.3333333333334,176.0,53.33333333333326,1656.0,570.0
prefabs/ui/setmodulepanel/settingpanelrmul1v1sapperstudent,SettingPanelRMUL1V1SAPPERStudent/UI/CrossSetting/Show,Show,True,False,2208,707,2120.0,680.0,176.0,53.33333333333337,1656.0,530.0
prefabs/ui/setmodulepanel/settingpanelrmul1v1sapperstudent,SettingPanelRMUL1V1SAPPERStudent/UI/DisplaySetting/DisplaySettingValue,DisplaySettingValue,True,True,2308,709,2308.0,709.3333333333334,0.0,0.0,1731.0,532.0
prefabs/ui/setmodulepanel/settingpanelrmul1v1sapperstudent,SettingPanelRMUL1V1SAPPERStudent/UI/DisplaySetting/DisplaySettingValueOpt/FullScreen,FullScreen,True,False,2216,733,2128.4000040690103,705.8666585286459,176.0,53.33333333333326,1662.3000030517578,549.3999938964844
prefabs/ui/setmodulepanel/settingpanelrmul1v1sapperstudent,SettingPanelRMUL1V1SAPPERStudent/UI/DisplaySetting/DisplaySettingValueOpt/Windows,Windows,True,False,2216,786,2128.4000040690103,759.1999918619791,176.0,53.33333333333337,1662.3000030517578,589.3999938964844
prefabs/ui/setmodulepanel/settingpanelrmul1v1sapperstudent,SettingPanelRMUL1V1SAPPERStudent/UI/Hid,Hid,True,True,2029,597,1952.0,570.6666666666667,154.66666666666652,53.33333333333326,1522.0,448.0
prefabs/ui/setmodulepanel/settingpanelrmul1v1sapperstudent,SettingPanelRMUL1V1SAPPERStudent/UI/mapSet,mapSet,False,False,2236,736,2182.6666650772095,709.333332935969,106.66666825612356,53.333334128062006,1676.9999994039536,552.0
prefabs/ui/setmodulepanel/settingpanelrmul1v1sapperstudent,SettingPanelRMUL1V1SAPPERStudent/UI/mapSetting/MapHid,MapHid,True,False,2208,829,2120.0,802.6666666666666,176.0,53.33333333333337,1656.0,622.0
prefabs/ui/setmodulepanel/settingpanelrmul1v1sapperstudent,SettingPanelRMUL1V1SAPPERStudent/UI/mapSetting/MapShow,MapShow,True,False,2208,776,2120.0,749.3333333333334,176.0,53.33333333333326,1656.0,582.0
prefabs/ui/setmodulepanel/settingpanelrmul1v1sapperstudent,SettingPanelRMUL1V1SAPPERStudent/tip/PerformanceTipInfo,PerformanceTipInfo,True,True,882,526,873.7333374023438,517.8666585286459,16.0,16.0,661.3000030517578,394.3999938964844
prefabs/ui/setmodulepanel/settingpanelrmul1v1sapperstudent,SettingPanelRMUL1V1SAPPERStudent/tip/VSyncTip,VSyncTip,True,True,1407,878,1398.6666666666667,870.2666625976562,16.0,16.0,1055.0,658.6999969482422
prefabs/ui/setmodulepanel/settingpanelrmul1v1student,SettingPanelRMUL1V1Student/Login/LoginBtn,LoginBtn,True,True,463,667,270.66666666666674,640.2666829427084,384.0,53.33333333333326,347.0,500.20001220703125
prefabs/ui/setmodulepanel/settingpanelrmul1v1student,SettingPanelRMUL1V1Student/Login/TC/TCTipInfo,TCTipInfo,True,False,343,798,334.933329264323,790.2666829427084,16.0,16.0,257.1999969482422,598.7000122070312
prefabs/ui/setmodulepanel/settingpanelrmul1v1student,SettingPanelRMUL1V1Student/QuickReset,QuickReset,True,True,805,432,728.0,405.33333333333337,154.66666666666674,53.333333333333314,604.0,324.0
prefabs/ui/setmodulepanel/settingpanelrmul1v1student,SettingPanelRMUL1V1Student/TCSetting/TcChannelModeTip,TcChannelModeTip,True,True,863,939,854.6666666666667,930.933349609375,16.0,16.0,647.0,704.2000122070312
prefabs/ui/setmodulepanel/settingpanelrmul1v1student,SettingPanelRMUL1V1Student/TCSetting/TcDecodeTypeSet,TcDecodeTypeSet,True,True,1128,887,1074.8000065485637,860.2666625976562,106.66666825612378,53.33333412806189,846.1000055074692,665.1999972462654
prefabs/ui/setmodulepanel/settingpanelrmul1v1student,SettingPanelRMUL1V1Student/TCSetting/TcDecodeTypeSetItem/Adaptive,Adaptive,True,False,1146,886,1058.0001220703125,858.933359781901,176.0,53.33333333333337,859.5000915527344,664.2000198364258
prefabs/ui/setmodulepanel/settingpanelrmul1v1student,SettingPanelRMUL1V1Student/TCSetting/TcDecodeTypeSetItem/Soft,Soft,True,False,1146,939,1058.0001220703125,912.2666931152344,176.0,53.33333333333326,859.5000915527344,704.2000198364258
prefabs/ui/setmodulepanel/settingpanelrmul1v1student,SettingPanelRMUL1V1Student/TCSetting/TcDirectionSet,TcDirectionSet,True,True,1128,831,1074.8000065485637,804.8000081380209,106.66666825612378,53.33333412806189,846.1000055074692,623.6000064015388
prefabs/ui/setmodulepanel/settingpanelrmul1v1student,SettingPanelRMUL1V1Student/TCSetting/TcDirectionSetItem/Forward,Forward,True,False,1146,832,1058.0001220703125,805.6000162760416,176.0,53.33333333333337,859.5000915527344,624.2000122070312
prefabs/ui/setmodulepanel/settingpanelrmul1v1student,SettingPanelRMUL1V1Student/TCSetting/TcDirectionSetItem/Reverse,Reverse,True,False,1146,886,1058.0001220703125,858.933349609375,176.0,53.33333333333326,859.5000915527344,664.2000122070312
prefabs/ui/setmodulepanel/settingpanelrmul1v1student,SettingPanelRMUL1V1Student/UI/Clear,Clear,True,True,2216,597,2138.6666666666665,570.6666666666667,154.66666666666652,53.33333333333326,1662.0,448.0
prefabs/ui/setmodulepanel/settingpanelrmul1v1student,SettingPanelRMUL1V1Student/UI/Control,Control,False,False,2235,805,2162.9333311716714,784.0,145.0666688283286,42.66666730244958,1676.5999991893768,604.0000002384186
prefabs/ui/setmodulepanel/settingpanelrmul1v1student,SettingPanelRMUL1V1Student/UI/ControlSetting/AutoExchange,AutoExchange,True,False,2208,1008,2120.0,981.3333333333333,176.0,53.33333333333326,1656.0,756.0
prefabs/ui/setmodulepanel/settingpanelrmul1v1student,SettingPanelRMUL1V1Student/UI/ControlSetting/AutoExchange/InfoTip,InfoTip,True,False,2276,1008,2268.0,1000.0,16.0,16.0,1707.0,756.0
prefabs/ui/setmodulepanel/settingpanelrmul1v1student,SettingPanelRMUL1V1Student/UI/ControlSetting/Automatic,Automatic,True,False,2208,848,2120.0,821.3333333333334,176.0,53.33333333333326,1656.0,636.0
prefabs/ui/setmodulepanel/settingpanelrmul1v1student,SettingPanelRMUL1V1Student/UI/ControlSetting/Automatic/InfoTip,InfoTip,True,False,2276,848,2268.0,840.0,16.0,16.0,1707.0,636.0
prefabs/ui/setmodulepanel/settingpanelrmul1v1student,SettingPanelRMUL1V1Student/UI/ControlSetting/Manual,Manual,True,False,2208,955,2120.0,928.0,176.0,53.33333333333326,1656.0,716.0
prefabs/ui/setmodulepanel/settingpanelrmul1v1student,SettingPanelRMUL1V1Student/UI/ControlSetting/Manual/InfoTip,InfoTip,True,False,2276,955,2268.0,946.6666666666666,16.0,16.0,1707.0,716.0
prefabs/ui/setmodulepanel/settingpanelrmul1v1student,SettingPanelRMUL1V1Student/UI/ControlSetting/SemiAutomatic,SemiAutomatic,True,False,2208,901,2120.0,874.6666666666666,176.0,53.33333333333337,1656.0,676.0
prefabs/ui/setmodulepanel/settingpanelrmul1v1student,SettingPanelRMUL1V1Student/UI/ControlSetting/SemiAutomatic/InfoTip,InfoTip,True,False,2276,901,2268.0,893.3333333333333,16.0,16.0,1707.0,676.0
prefabs/ui/setmodulepanel/settingpanelrmul1v1student,SettingPanelRMUL1V1Student/UI/Cross,Cross,True,True,2236,667,2182.6666650772095,640.0,106.66666825612356,53.33333412806189,1676.9999994039536,500.0000002980232
prefabs/ui/setmodulepanel/settingpanelrmul1v1student,SettingPanelRMUL1V1Student/UI/CrossSetting/Hid,Hid,True,False,2208,760,2120.0,733.3333333333334,176.0,53.33333333333326,1656.0,570.0
prefabs/ui/setmodulepanel/settingpanelrmul1v1student,SettingPanelRMUL1V1Student/UI/CrossSetting/Show,Show,True,False,2208,707,2120.0,680.0,176.0,53.33333333333337,1656.0,530.0
prefabs/ui/setmodulepanel/settingpanelrmul1v1student,SettingPanelRMUL1V1Student/UI/DisplaySetting/DisplaySettingValue,DisplaySettingValue,True,True,2308,709,2308.0,709.3333333333334,0.0,0.0,1731.0,532.0
prefabs/ui/setmodulepanel/settingpanelrmul1v1student,SettingPanelRMUL1V1Student/UI/DisplaySetting/DisplaySettingValueOpt/FullScreen,FullScreen,True,False,2216,733,2128.4000040690103,705.8666585286459,176.0,53.33333333333326,1662.3000030517578,549.3999938964844
prefabs/ui/setmodulepanel/settingpanelrmul1v1student,SettingPanelRMUL1V1Student/UI/DisplaySetting/DisplaySettingValueOpt/Windows,Windows,True,False,2216,786,2128.4000040690103,759.1999918619791,176.0,53.33333333333337,1662.3000030517578,589.3999938964844
prefabs/ui/setmodulepanel/settingpanelrmul1v1student,SettingPanelRMUL1V1Student/UI/Hid,Hid,True,True,2029,597,1952.0,570.6666666666667,154.66666666666652,53.33333333333326,1522.0,448.0
prefabs/ui/setmodulepanel/settingpanelrmul1v1student,SettingPanelRMUL1V1Student/UI/mapSet,mapSet,False,False,2236,736,2182.6666650772095,709.333332935969,106.66666825612356,53.333334128062006,1676.9999994039536,552.0
prefabs/ui/setmodulepanel/settingpanelrmul1v1student,SettingPanelRMUL1V1Student/UI/mapSetting/MapHid,MapHid,True,False,2208,829,2120.0,802.6666666666666,176.0,53.33333333333337,1656.0,622.0
prefabs/ui/setmodulepanel/settingpanelrmul1v1student,SettingPanelRMUL1V1Student/UI/mapSetting/MapShow,MapShow,True,False,2208,776,2120.0,749.3333333333334,176.0,53.33333333333326,1656.0,582.0
prefabs/ui/setmodulepanel/settingpanelrmul1v1student,SettingPanelRMUL1V1Student/tip/PerformanceTipInfo,PerformanceTipInfo,True,True,882,526,873.7333374023438,517.8666585286459,16.0,16.0,661.3000030517578,394.3999938964844
prefabs/ui/setmodulepanel/settingpanelrmul1v1student,SettingPanelRMUL1V1Student/tip/VSyncTip,VSyncTip,True,True,1407,879,1398.6666666666667,871.4666646321614,16.0,16.0,1055.0,659.5999984741211
prefabs/ui/setmodulepanel/settingpanelrmul3v3,SettingPanelRMUL3V3/Login/LoginBtn,LoginBtn,True,True,463,667,270.66666666666674,640.2666829427084,384.0,53.33333333333326,347.0,500.20001220703125
prefabs/ui/setmodulepanel/settingpanelrmul3v3,SettingPanelRMUL3V3/Login/TC/TCTipInfo,TCTipInfo,True,False,343,798,334.933329264323,790.2666829427084,16.0,16.0,257.1999969482422,598.7000122070312
prefabs/ui/setmodulepanel/settingpanelrmul3v3,SettingPanelRMUL3V3/QuickReset,QuickReset,True,True,805,432,728.0,405.33333333333337,154.66666666666674,53.333333333333314,604.0,324.0
prefabs/ui/setmodulepanel/settingpanelrmul3v3,SettingPanelRMUL3V3/TCSetting/TcChannelModeTip,TcChannelModeTip,False,False,863,920,854.6666666666667,912.0,16.0,16.0,647.0,690.0
prefabs/ui/setmodulepanel/settingpanelrmul3v3,SettingPanelRMUL3V3/TCSetting/TcDecodeTypeSet,TcDecodeTypeSet,False,False,1128,911,1074.8000065485637,884.5333251953125,106.66666825612378,53.33333412806189,846.1000055074692,683.3999941945076
prefabs/ui/setmodulepanel/settingpanelrmul3v3,SettingPanelRMUL3V3/TCSetting/TcDecodeTypeSetItem/Adaptive,Adaptive,True,False,1146,910,1058.0001220703125,883.2000020345051,176.0,53.33333333333337,859.5000915527344,682.4000015258789
prefabs/ui/setmodulepanel/settingpanelrmul3v3,SettingPanelRMUL3V3/TCSetting/TcDecodeTypeSetItem/Soft,Soft,True,False,1146,963,1058.0001220703125,936.5333353678385,176.0,53.33333333333337,859.5000915527344,722.4000015258789
prefabs/ui/setmodulepanel/settingpanelrmul3v3,SettingPanelRMUL3V3/TCSetting/TcDirectionSet,TcDirectionSet,True,True,1128,852,1074.8000065485637,825.3333333333334,106.66666825612378,53.33333412806189,846.1000055074692,639.0000002980232
prefabs/ui/setmodulepanel/settingpanelrmul3v3,SettingPanelRMUL3V3/TCSetting/TcDirectionSetItem/Forward,Forward,True,False,1146,853,1058.0001220703125,826.1333414713541,176.0,53.33333333333337,859.5000915527344,639.6000061035156
prefabs/ui/setmodulepanel/settingpanelrmul3v3,SettingPanelRMUL3V3/TCSetting/TcDirectionSetItem/Reverse,Reverse,True,False,1146,906,1058.0001220703125,879.4666748046875,176.0,53.33333333333326,859.5000915527344,679.6000061035156
prefabs/ui/setmodulepanel/settingpanelrmul3v3,SettingPanelRMUL3V3/UI/Clear,Clear,True,True,2216,597,2138.6666666666665,570.6666666666667,154.66666666666652,53.33333333333326,1662.0,448.0
prefabs/ui/setmodulepanel/settingpanelrmul3v3,SettingPanelRMUL3V3/UI/Control,Control,False,False,2235,805,2162.9333311716714,784.0,145.0666688283286,42.66666730244958,1676.5999991893768,604.0000002384186
prefabs/ui/setmodulepanel/settingpanelrmul3v3,SettingPanelRMUL3V3/UI/ControlSetting/AutoExchange,AutoExchange,True,False,2208,1008,2120.0,981.3333333333333,176.0,53.33333333333326,1656.0,756.0
prefabs/ui/setmodulepanel/settingpanelrmul3v3,SettingPanelRMUL3V3/UI/ControlSetting/AutoExchange/InfoTip,InfoTip,True,False,2276,1008,2268.0,1000.0,16.0,16.0,1707.0,756.0
prefabs/ui/setmodulepanel/settingpanelrmul3v3,SettingPanelRMUL3V3/UI/ControlSetting/Automatic,Automatic,True,False,2208,848,2120.0,821.3333333333334,176.0,53.33333333333326,1656.0,636.0
prefabs/ui/setmodulepanel/settingpanelrmul3v3,SettingPanelRMUL3V3/UI/ControlSetting/Automatic/InfoTip,InfoTip,True,False,2276,848,2268.0,840.0,16.0,16.0,1707.0,636.0
prefabs/ui/setmodulepanel/settingpanelrmul3v3,SettingPanelRMUL3V3/UI/ControlSetting/Manual,Manual,True,False,2208,955,2120.0,928.0,176.0,53.33333333333326,1656.0,716.0
prefabs/ui/setmodulepanel/settingpanelrmul3v3,SettingPanelRMUL3V3/UI/ControlSetting/Manual/InfoTip,InfoTip,True,False,2276,955,2268.0,946.6666666666666,16.0,16.0,1707.0,716.0
prefabs/ui/setmodulepanel/settingpanelrmul3v3,SettingPanelRMUL3V3/UI/ControlSetting/SemiAutomatic,SemiAutomatic,True,False,2208,901,2120.0,874.6666666666666,176.0,53.33333333333337,1656.0,676.0
prefabs/ui/setmodulepanel/settingpanelrmul3v3,SettingPanelRMUL3V3/UI/ControlSetting/SemiAutomatic/InfoTip,InfoTip,True,False,2276,901,2268.0,893.3333333333333,16.0,16.0,1707.0,676.0
prefabs/ui/setmodulepanel/settingpanelrmul3v3,SettingPanelRMUL3V3/UI/Cross,Cross,True,True,2236,667,2182.6666650772095,640.0,106.66666825612356,53.33333412806189,1676.9999994039536,500.0000002980232
prefabs/ui/setmodulepanel/settingpanelrmul3v3,SettingPanelRMUL3V3/UI/CrossSetting/Hid,Hid,True,False,2208,760,2120.0,733.3333333333334,176.0,53.33333333333326,1656.0,570.0
prefabs/ui/setmodulepanel/settingpanelrmul3v3,SettingPanelRMUL3V3/UI/CrossSetting/Show,Show,True,False,2208,707,2120.0,680.0,176.0,53.33333333333337,1656.0,530.0
prefabs/ui/setmodulepanel/settingpanelrmul3v3,SettingPanelRMUL3V3/UI/Hid,Hid,True,True,2029,597,1952.0,570.6666666666667,154.66666666666652,53.33333333333326,1522.0,448.0
prefabs/ui/setmodulepanel/settingpanelrmul3v3,SettingPanelRMUL3V3/UI/mapSet,mapSet,False,False,2236,736,2182.6666650772095,709.333332935969,106.66666825612356,53.333334128062006,1676.9999994039536,552.0
prefabs/ui/setmodulepanel/settingpanelrmul3v3,SettingPanelRMUL3V3/UI/mapSetting/MapHid,MapHid,True,False,2208,829,2120.0,802.6666666666666,176.0,53.33333333333337,1656.0,622.0
prefabs/ui/setmodulepanel/settingpanelrmul3v3,SettingPanelRMUL3V3/UI/mapSetting/MapShow,MapShow,True,False,2208,776,2120.0,749.3333333333334,176.0,53.33333333333326,1656.0,582.0
prefabs/ui/setmodulepanel/settingpanelrmul3v3,SettingPanelRMUL3V3/tip/PerformanceTipInfo,PerformanceTipInfo,True,True,882,526,873.7333374023438,517.8666585286459,16.0,16.0,661.3000030517578,394.3999938964844
prefabs/ui/setmodulepanel/settingpanelrmul3v3,SettingPanelRMUL3V3/tip/VSyncTip,VSyncTip,True,True,1407,887,1398.6666666666667,879.3333333333333,16.0,16.0,1055.0,665.5
prefabs/ui/setmodulepanel/settingpanelrmul3v3student,SettingPanelRMUL3V3Student/Login/LoginBtn,LoginBtn,True,True,463,667,270.66666666666674,640.2666829427084,384.0,53.33333333333326,347.0,500.20001220703125
prefabs/ui/setmodulepanel/settingpanelrmul3v3student,SettingPanelRMUL3V3Student/Login/TC/TCTipInfo,TCTipInfo,True,False,343,798,334.933329264323,790.2666829427084,16.0,16.0,257.1999969482422,598.7000122070312
prefabs/ui/setmodulepanel/settingpanelrmul3v3student,SettingPanelRMUL3V3Student/QuickReset,QuickReset,True,True,805,432,728.0,405.33333333333337,154.66666666666674,53.333333333333314,604.0,324.0
prefabs/ui/setmodulepanel/settingpanelrmul3v3student,SettingPanelRMUL3V3Student/TCSetting/TcChannelModeTip,TcChannelModeTip,True,True,863,927,854.6666666666667,918.6666666666666,16.0,16.0,647.0,695.0
prefabs/ui/setmodulepanel/settingpanelrmul3v3student,SettingPanelRMUL3V3Student/TCSetting/TcDecodeTypeSet,TcDecodeTypeSet,True,True,1128,877,1074.8000065485637,849.8666585286458,106.66666825612378,53.333334128062006,846.1000055074692,657.3999941945076
prefabs/ui/setmodulepanel/settingpanelrmul3v3student,SettingPanelRMUL3V3Student/TCSetting/TcDecodeTypeSetItem/Adaptive,Adaptive,True,False,1146,875,1058.0001220703125,848.5333353678385,176.0,53.33333333333337,859.5000915527344,656.4000015258789
prefabs/ui/setmodulepanel/settingpanelrmul3v3student,SettingPanelRMUL3V3Student/TCSetting/TcDecodeTypeSetItem/Soft,Soft,True,False,1146,929,1058.0001220703125,901.8666687011719,176.0,53.33333333333326,859.5000915527344,696.4000015258789
prefabs/ui/setmodulepanel/settingpanelrmul3v3student,SettingPanelRMUL3V3Student/TCSetting/TcDirectionSet,TcDirectionSet,True,True,1128,817,1074.8000065485637,790.6666666666666,106.66666825612378,53.333334128062006,846.1000055074692,613.0000002980232
prefabs/ui/setmodulepanel/settingpanelrmul3v3student,SettingPanelRMUL3V3Student/TCSetting/TcDirectionSetItem/Forward,Forward,True,False,1146,818,1058.0001220703125,791.4666748046875,176.0,53.33333333333337,859.5000915527344,613.6000061035156
prefabs/ui/setmodulepanel/settingpanelrmul3v3student,SettingPanelRMUL3V3Student/TCSetting/TcDirectionSetItem/Reverse,Reverse,True,False,1146,871,1058.0001220703125,844.8000081380209,176.0,53.33333333333326,859.5000915527344,653.6000061035156
prefabs/ui/setmodulepanel/settingpanelrmul3v3student,SettingPanelRMUL3V3Student/UI/Clear,Clear,True,True,2216,597,2138.6666666666665,570.6666666666667,154.66666666666652,53.33333333333326,1662.0,448.0
prefabs/ui/setmodulepanel/settingpanelrmul3v3student,SettingPanelRMUL3V3Student/UI/Control,Control,False,False,2235,805,2162.9333311716714,784.0,145.0666688283286,42.66666730244958,1676.5999991893768,604.0000002384186
prefabs/ui/setmodulepanel/settingpanelrmul3v3student,SettingPanelRMUL3V3Student/UI/ControlSetting/AutoExchange,AutoExchange,True,False,2208,1008,2120.0,981.3333333333333,176.0,53.33333333333326,1656.0,756.0
prefabs/ui/setmodulepanel/settingpanelrmul3v3student,SettingPanelRMUL3V3Student/UI/ControlSetting/AutoExchange/InfoTip,InfoTip,True,False,2276,1008,2268.0,1000.0,16.0,16.0,1707.0,756.0
prefabs/ui/setmodulepanel/settingpanelrmul3v3student,SettingPanelRMUL3V3Student/UI/ControlSetting/Automatic,Automatic,True,False,2208,848,2120.0,821.3333333333334,176.0,53.33333333333326,1656.0,636.0
prefabs/ui/setmodulepanel/settingpanelrmul3v3student,SettingPanelRMUL3V3Student/UI/ControlSetting/Automatic/InfoTip,InfoTip,True,False,2276,848,2268.0,840.0,16.0,16.0,1707.0,636.0
prefabs/ui/setmodulepanel/settingpanelrmul3v3student,SettingPanelRMUL3V3Student/UI/ControlSetting/Manual,Manual,True,False,2208,955,2120.0,928.0,176.0,53.33333333333326,1656.0,716.0
prefabs/ui/setmodulepanel/settingpanelrmul3v3student,SettingPanelRMUL3V3Student/UI/ControlSetting/Manual/InfoTip,InfoTip,True,False,2276,955,2268.0,946.6666666666666,16.0,16.0,1707.0,716.0
prefabs/ui/setmodulepanel/settingpanelrmul3v3student,SettingPanelRMUL3V3Student/UI/ControlSetting/SemiAutomatic,SemiAutomatic,True,False,2208,901,2120.0,874.6666666666666,176.0,53.33333333333337,1656.0,676.0
prefabs/ui/setmodulepanel/settingpanelrmul3v3student,SettingPanelRMUL3V3Student/UI/ControlSetting/SemiAutomatic/InfoTip,InfoTip,True,False,2276,901,2268.0,893.3333333333333,16.0,16.0,1707.0,676.0
prefabs/ui/setmodulepanel/settingpanelrmul3v3student,SettingPanelRMUL3V3Student/UI/Cross,Cross,True,True,2236,667,2182.6666650772095,640.0,106.66666825612356,53.33333412806189,1676.9999994039536,500.0000002980232
prefabs/ui/setmodulepanel/settingpanelrmul3v3student,SettingPanelRMUL3V3Student/UI/CrossSetting/Hid,Hid,True,False,2208,760,2120.0,733.3333333333334,176.0,53.33333333333326,1656.0,570.0
prefabs/ui/setmodulepanel/settingpanelrmul3v3student,SettingPanelRMUL3V3Student/UI/CrossSetting/Show,Show,True,False,2208,707,2120.0,680.0,176.0,53.33333333333337,1656.0,530.0
prefabs/ui/setmodulepanel/settingpanelrmul3v3student,SettingPanelRMUL3V3Student/UI/DisplaySetting/DisplaySettingValue,DisplaySettingValue,True,True,2308,709,2308.0,709.3333333333334,0.0,0.0,1731.0,532.0
prefabs/ui/setmodulepanel/settingpanelrmul3v3student,SettingPanelRMUL3V3Student/UI/DisplaySetting/DisplaySettingValueOpt/FullScreen,FullScreen,True,False,2216,733,2128.4000040690103,705.8666585286459,176.0,53.33333333333326,1662.3000030517578,549.3999938964844
prefabs/ui/setmodulepanel/settingpanelrmul3v3student,SettingPanelRMUL3V3Student/UI/DisplaySetting/DisplaySettingValueOpt/Windows,Windows,True,False,2216,786,2128.4000040690103,759.1999918619791,176.0,53.33333333333337,1662.3000030517578,589.3999938964844
prefabs/ui/setmodulepanel/settingpanelrmul3v3student,SettingPanelRMUL3V3Student/UI/Hid,Hid,True,True,2029,597,1952.0,570.6666666666667,154.66666666666652,53.33333333333326,1522.0,448.0
prefabs/ui/setmodulepanel/settingpanelrmul3v3student,SettingPanelRMUL3V3Student/UI/mapSet,mapSet,False,False,2236,736,2182.6666650772095,709.333332935969,106.66666825612356,53.333334128062006,1676.9999994039536,552.0
prefabs/ui/setmodulepanel/settingpanelrmul3v3student,SettingPanelRMUL3V3Student/UI/mapSetting/MapHid,MapHid,True,False,2208,829,2120.0,802.6666666666666,176.0,53.33333333333337,1656.0,622.0
prefabs/ui/setmodulepanel/settingpanelrmul3v3student,SettingPanelRMUL3V3Student/UI/mapSetting/MapShow,MapShow,True,False,2208,776,2120.0,749.3333333333334,176.0,53.33333333333326,1656.0,582.0
prefabs/ui/setmodulepanel/settingpanelrmul3v3student,SettingPanelRMUL3V3Student/tip/PerformanceTipInfo,PerformanceTipInfo,True,True,882,526,873.7333374023438,517.8666585286459,16.0,16.0,661.3000030517578,394.3999938964844
prefabs/ui/setmodulepanel/settingpanelrmul3v3student,SettingPanelRMUL3V3Student/tip/VSyncTip,VSyncTip,True,True,1407,876,1398.6666666666667,867.7333374023438,16.0,16.0,1055.0,656.8000030517578
prefabs/ui/standsupplyitem2021,StandSupplyItem2021/PhysicalSupply/LeftArea/bar,bar,True,False,656,775,652.4000166257223,691.3333360354105,7.199999809265137,167.9999955495199,492.0000123977661,581.5000003576279
prefabs/ui/standsupplyitem2021,StandSupplyItem2021/PhysicalSupply/LeftArea/btn_100,btn_100,True,False,900,925,683.0000158150991,883.9333309332529,433.199988524119,82.79999780654907,674.700007557869,693.9999973773956
prefabs/ui/standsupplyitem2021,StandSupplyItem2021/PhysicalSupply/LeftArea/btn_200,btn_200,True,False,900,1045,683.0000158150991,1003.9333277543385,433.199988524119,82.79999780654907,674.700007557869,783.9999949932098
prefabs/ui/standsupplyitem2021,StandSupplyItem2021/PhysicalSupply/LeftArea/btn_50,btn_50,True,False,902,805,685.4000157515209,763.9333341121674,433.1999885241189,82.79999780654907,676.5000075101852,603.9999997615814
prefabs/ui/standsupplyitem2021,StandSupplyItem2021/PhysicalSupply/LeftArea/btn_bg,btn_bg,True,False,848,631,774.8000133832296,596.5333385467529,146.39999612172448,69.59999815622962,636.0000085830688,473.5000032186508
prefabs/ui/standsupplyitem2021,StandSupplyItem2021/PhysicalSupply/RightArea/bar,bar,True,False,1906,775,1902.7999835014343,691.3333360354105,7.199999809265137,167.9999955495199,1429.7999875545502,581.5000003576279
prefabs/ui/standsupplyitem2021,StandSupplyItem2021/PhysicalSupply/RightArea/btn_100,btn_100,True,False,1658,925,1441.3999957243602,883.9333309332529,433.1999885241189,82.79999780654907,1243.4999924898148,693.9999973773956
prefabs/ui/standsupplyitem2021,StandSupplyItem2021/PhysicalSupply/RightArea/btn_200,btn_200,True,False,1658,1045,1441.3999957243602,1003.9333277543385,433.1999885241189,82.79999780654907,1243.4999924898148,783.9999949932098
prefabs/ui/standsupplyitem2021,StandSupplyItem2021/PhysicalSupply/RightArea/btn_50,btn_50,True,False,1658,805,1441.3999957243602,763.9333341121674,433.1999885241189,82.79999780654907,1243.4999924898148,603.9999997615814
prefabs/ui/standsupplyitem2021,StandSupplyItem2021/PhysicalSupply/RightArea/btn_bg,btn_bg,True,False,1712,631,1638.799990495046,596.5333385467529,146.39999612172437,69.59999815622962,1283.9999914169312,473.5000032186508
prefabs/ui/standsupplyitem2021,StandSupplyItem2021/TopArea/btn_physical,btn_physical,True,True,1395,395,1278.800000031789,350.53334506352746,232.79999383290624,88.79999764760333,1046.3999977111816,296.2000079154968
prefabs/ui/standsupplyitem2021,StandSupplyItem2021/TopArea/btn_virtual,btn_virtual,True,True,1165,395,1048.4000061353047,350.53334506352746,232.79999383290624,88.79999764760333,873.6000022888184,296.2000079154968
prefabs/ui/standsupplyitem2021,StandSupplyItem2021/VirtualSupply/LeftArea/bar,bar,False,False,656,694,652.4000166257223,609.7333381970724,7.199999809265137,167.99999554951978,492.0000123977661,520.3000019788742
prefabs/ui/standsupplyitem2021,StandSupplyItem2021/VirtualSupply/LeftArea/btn_100,btn_100,True,True,900,844,683.0000158150991,802.3333330949148,433.199988524119,82.79999780654896,674.700007557869,632.799998998642
prefabs/ui/standsupplyitem2021,StandSupplyItem2021/VirtualSupply/LeftArea/btn_150,btn_150,True,True,900,964,683.0000158150991,922.3333299160004,433.199988524119,82.79999780654907,674.700007557869,722.7999966144562
prefabs/ui/standsupplyitem2021,StandSupplyItem2021/VirtualSupply/LeftArea/btn_50,btn_50,True,True,902,724,685.4000157515209,682.3333362738291,433.1999885241189,82.79999780654907,676.5000075101852,542.8000013828278
prefabs/ui/standsupplyitem2021,StandSupplyItem2021/VirtualSupply/Middle/Popup/NO,NO,True,False,1342,893,1289.791999557495,874.5733275190989,104.73599576059996,35.999999046325684,1006.6199980783463,669.4299952816964
prefabs/ui/standsupplyitem2021,StandSupplyItem2021/VirtualSupply/Middle/Popup/OK,OK,True,False,1203,893,1150.5920078226725,874.5733275190989,104.73599576059974,35.999999046325684,902.2200042772292,669.4299952816964
prefabs/ui/standsupplyitem2021,StandSupplyItem2021/VirtualSupply/RightArea/bar,bar,False,False,1906,694,1902.7999835014343,609.7333381970724,7.199999809265137,167.99999554951978,1429.7999875545502,520.3000019788742
prefabs/ui/standsupplyitem2021,StandSupplyItem2021/VirtualSupply/RightArea/btn_200,btn_200,True,True,1658,724,1441.3999957243602,682.3333362738291,433.1999885241189,82.79999780654907,1243.4999924898148,542.8000013828278
prefabs/ui/standsupplyitem2021,StandSupplyItem2021/VirtualSupply/RightArea/btn_250,btn_250,True,True,1658,844,1441.3999957243602,802.3333330949148,433.1999885241189,82.79999780654896,1243.4999924898148,632.799998998642
prefabs/ui/standsupplyitem2021,StandSupplyItem2021/VirtualSupply/RightArea/btn_300,btn_300,True,True,1658,964,1441.3999957243602,922.3333299160004,433.1999885241189,82.79999780654907,1243.4999924898148,722.7999966144562
prefabs/ui/supplyitem,SupplyItem/LeftArea/bar,bar,True,True,587,700,582.6666666666667,606.6666666666666,8.0,186.66666666666674,440.0,525.0
prefabs/ui/supplyitem,SupplyItem/LeftArea/btn_100,btn_100,True,True,857,867,616.6666666666667,820.6666666666666,481.33333333333326,92.0,643.0,650.0
prefabs/ui/supplyitem,SupplyItem/LeftArea/btn_200,btn_200,True,True,857,1000,616.6666666666667,954.0,481.33333333333326,92.0,643.0,750.0
prefabs/ui/supplyitem,SupplyItem/LeftArea/btn_50,btn_50,True,True,860,733,619.3333333333334,687.3333333333334,481.33333333333337,92.0,645.0,550.0
prefabs/ui/supplyitem,SupplyItem/LeftArea/btn_bg,btn_bg,True,True,800,540,718.6666666666667,501.33333333333337,162.66666666666663,77.33333333333337,600.0,405.0
prefabs/ui/supplyitem,SupplyItem/RightArea/bar,bar,True,True,1976,700,1972.0,606.6666666666666,8.0,186.66666666666674,1482.0,525.0
prefabs/ui/supplyitem,SupplyItem/RightArea/btn_100,btn_100,True,True,1700,867,1459.3333333333333,820.6666666666666,481.33333333333326,92.0,1275.0,650.0
prefabs/ui/supplyitem,SupplyItem/RightArea/btn_200,btn_200,True,True,1700,1000,1459.3333333333333,954.0,481.33333333333326,92.0,1275.0,750.0
prefabs/ui/supplyitem,SupplyItem/RightArea/btn_50,btn_50,True,True,1700,733,1459.3333333333333,687.3333333333334,481.33333333333326,92.0,1275.0,550.0
prefabs/ui/supplyitem,SupplyItem/RightArea/btn_bg,btn_bg,True,True,1760,540,1678.6666666666665,501.33333333333337,162.66666666666674,77.33333333333337,1320.0,405.0
prefabs/ui/supplyitem2024,SupplyItem2024/Confirm,Confirm,True,True,1280,912,1131.2000039418538,888.2399918810527,297.59999211629247,47.99999872843432,960.0,684.1799934339524
prefabs/ui/supplyitem2024,SupplyItem2024/Popup/NO,NO,True,False,1359,768,1295.5999995867412,743.9999993642172,127.49999662240339,47.99999872843421,1019.5124984234571,575.9999990463257
prefabs/ui/supplyitem2024,SupplyItem2024/Popup/OK,OK,True,False,1206,768,1142.0000036557515,743.9999993642172,127.49999662240361,47.99999872843421,904.312501475215,575.9999990463257
prefabs/ui/supplyitem2024,SupplyItem2024/SupplyButton/Add_10,Add_10,True,True,1390,781,1351.9999980926514,742.7999993960062,76.79999796549487,76.79999796549487,1042.799997806549,585.8999987840652
prefabs/ui/supplyitem2024,SupplyItem2024/SupplyButton/Add_100,Add_100,True,True,1621,781,1582.3999919891357,742.7999993960062,76.79999796549464,76.79999796549487,1215.5999932289124,585.8999987840652
prefabs/ui/supplyitem2024,SupplyItem2024/SupplyButton/Add_20,Add_20,True,True,1467,781,1428.7999960581462,742.7999993960062,76.79999796549464,76.79999796549487,1100.3999962806702,585.8999987840652
prefabs/ui/supplyitem2024,SupplyItem2024/SupplyButton/Add_50,Add_50,True,True,1544,781,1505.5999940236409,742.7999993960062,76.79999796549487,76.79999796549487,1157.9999947547913,585.8999987840652
prefabs/ui/supplyitem2024,SupplyItem2024/SupplyButton/Minus_10,Minus_10,True,True,1170,781,1131.2000039418538,742.7999993960062,76.79999796549487,76.79999796549487,877.2000021934509,585.8999987840652
prefabs/ui/supplyitem2024,SupplyItem2024/SupplyButton/Minus_100,Minus_100,True,True,939,781,900.8000100453695,742.7999993960062,76.79999796549475,76.79999796549487,704.4000067710876,585.8999987840652
prefabs/ui/supplyitem2024,SupplyItem2024/SupplyButton/Minus_20,Minus_20,True,True,1093,781,1054.4000059763591,742.7999993960062,76.79999796549464,76.79999796549487,819.6000037193298,585.8999987840652
prefabs/ui/supplyitem2024,SupplyItem2024/SupplyButton/Minus_50,Minus_50,True,True,1016,781,977.6000080108643,742.7999993960062,76.79999796549487,76.79999796549487,762.0000052452087,585.8999987840652
prefabs/ui/teammate/blueteammate,BlueTeammate/MapItem,MapItem,True,True,0,1440,-74.66666666666652,1391.7999979654946,149.33333333333326,96.40000406901049,0.0,1080.0
prefabs/ui/teammate/blueteammatermul3v3,BlueTeammateRMUL3V3/MapItem,MapItem,True,True,0,1440,-74.66666666666652,1391.7999979654946,149.33333333333326,96.40000406901049,0.0,1080.0
prefabs/ui/teammate/redteammate,RedTeammate/MapItem,MapItem,True,True,1280,720,1205.3333333333333,671.5999979575475,149.33333333333348,96.40000406901038,960.0,539.8499999940395
prefabs/ui/teammate/redteammatermul3v3,RedTeammateRMUL3V3/MapItem,MapItem,True,True,1280,720,1205.3333333333333,671.5999979575475,149.33333333333348,96.40000406901038,960.0,539.8499999940395
prefabs/ui/techcore/techcore2026,TechCore2026/Difficulty/Button,Button,True,True,1261,1069,1094.6666666666667,1042.6666666666665,333.33333333333326,53.333333333333485,946.0,802.0
prefabs/ui/techcore/techcoreselectitem,TechCoreSelectItem,TechCoreSelectItem,True,True,0,1440,0.0,1440.0,0.0,0.0,0.0,1080.0
prefabs/ui/topwidget/blueguarditem,BlueGuardItem/MapItem,MapItem,True,True,2225,99,2136.6666666666665,48.0,176.0,101.33333333333337,1668.5,74.0
prefabs/ui/topwidget/redguarditem,RedGuardItem/MapItem,MapItem,True,True,335,99,247.33333333333348,48.0,175.9999999999999,101.33333333333337,251.5,74.0
